﻿{"cameraMode":{"drawMode":0,"name":"Shaded","section":"Shading Mode"},"sceneLighting":true,"audioPlay":false,"sceneViewState":{"showFog":true,"showMaterialUpdate":false,"showSkybox":true,"showFlares":true,"showImageEffects":true,"showParticleSystems":true},"in2DMode":false,"pivot":{"x":0.9439800977706909,"y":12.827750205993653,"z":-5.136152744293213},"rotation":{"x":-0.5360659956932068,"y":-0.009625527076423169,"z":0.006112547125667334,"w":-0.8440990447998047},"size":12.046795845031739,"orthographic":false}